{
  "hash": "1e0343a7",
  "configHash": "1f7374d3",
  "lockfileHash": "745534a1",
  "browserHash": "09b1a012",
  "optimized": {
    "@angular/common": {
      "src": "../../../../../node_modules/@angular/common/fesm2022/common.mjs",
      "file": "@angular_common.js",
      "fileHash": "a3afc00c",
      "needsInterop": false
    },
    "@angular/common/http": {
      "src": "../../../../../node_modules/@angular/common/fesm2022/http.mjs",
      "file": "@angular_common_http.js",
      "fileHash": "7851dcaf",
      "needsInterop": false
    },
    "@angular/core": {
      "src": "../../../../../node_modules/@angular/core/fesm2022/core.mjs",
      "file": "@angular_core.js",
      "fileHash": "d4a8cce1",
      "needsInterop": false
    },
    "@angular/forms": {
      "src": "../../../../../node_modules/@angular/forms/fesm2022/forms.mjs",
      "file": "@angular_forms.js",
      "fileHash": "4b223cbd",
      "needsInterop": false
    },
    "@angular/platform-browser": {
      "src": "../../../../../node_modules/@angular/platform-browser/fesm2022/platform-browser.mjs",
      "file": "@angular_platform-browser.js",
      "fileHash": "66f354b3",
      "needsInterop": false
    },
    "@angular/router": {
      "src": "../../../../../node_modules/@angular/router/fesm2022/router.mjs",
      "file": "@angular_router.js",
      "fileHash": "4f37f9d4",
      "needsInterop": false
    }
  },
  "chunks": {
    "chunk-VZAMPRR3": {
      "file": "chunk-VZAMPRR3.js"
    },
    "chunk-PDRTZV4O": {
      "file": "chunk-PDRTZV4O.js"
    },
    "chunk-B5HUQXFL": {
      "file": "chunk-B5HUQXFL.js"
    },
    "chunk-SRYCPNOB": {
      "file": "chunk-SRYCPNOB.js"
    }
  }
}